Username,Password
RachelPerez962@gulls.salisbury.edu,onBewuGDrdt3Of
NancyLee811@gulls.salisbury.edu,8INuEw9eC6gJK2rD
OliviaPerez154@gulls.salisbury.edu,6vfKjrHnVoOcFAwhM
KevinJohnson776@gulls.salisbury.edu,3bZTGd9wAVe
AshleyAllen433@gulls.salisbury.edu,iIG7aWyg1VKurA5m0fR
MathewNguyen952@gulls.salisbury.edu,6ipAIcPoxgmHLvJwE
HeatherAllen288@gulls.salisbury.edu,Q9G5LDaBA3s
AlexanderHarris281@gulls.salisbury.edu,VUPO5eHZSpJ4fYCw8
FrankGarcia381@gulls.salisbury.edu,DMF5RpuSiJgnPQsNl
JustinLewis555@gulls.salisbury.edu,glFZ30JfTyY9
SusanWilson484@gulls.salisbury.edu,jy5uBsoRvLW9dFh
StephanieLewis472@gulls.salisbury.edu,Exdul1R5oDw7Hb2i
AndrewJones299@gulls.salisbury.edu,heymCtRBs6
JohnClark37@gulls.salisbury.edu,FQmTf7tSnsjkg2rN
JamesLopez499@gulls.salisbury.edu,1j9FZk2wmRTaW
MaryDavis912@gulls.salisbury.edu,tLPj5fJlwMhT4Y